Year,Month,Point1,Point2,Point3,Point4
1951,1,0.0,0.0,0.0,0.0
1951,2,0.0,0.0,0.0,0.0
1951,3,0.0,0.0,0.0,0.0
1951,4,9.1127715,25.0317864,25.0317864,50.0635728
1951,5,43.04894254,53.984654500000005,53.984654500000005,107.96930900000001
1951,6,75.24489501,91.26973883,91.26973883,182.53947766
1951,7,198.72122380000005,73.47836753,73.47836753,146.95673506
1951,8,32.38458098,23.3035764,23.3035764,46.6071528
1951,9,100.14590177,71.90636209,71.90636209,143.81272418
1951,10,121.77116582999999,123.66782749,123.66782749,247.33565498
1951,11,7.3840334,18.13346266,18.13346266,36.26692532
1951,12,0.0,0.0,0.0,0.0
1952,1,0.0,0.0,0.0,0.0
1952,2,2.3870633,2.3659186,2.3659186,4.7318372
1952,3,0.0,0.0,0.0,0.0
1952,4,40.77882778,71.39012452,71.39012452,142.78024904
1952,5,25.140332739999998,67.94629660000001,67.94629660000001,135.89259320000002
1952,6,82.84991704999999,111.99271602999998,111.99271602999998,223.98543205999997
1952,7,46.63644494000001,78.00749877,78.00749877,156.01499754
1952,8,35.47602742,84.47266974000001,84.47266974000001,168.94533948000003
1952,9,48.501851200000004,18.93856432,18.93856432,37.87712864
1952,10,174.19866677,141.3156074,141.3156074,282.6312148
1952,11,0.0,0.0,0.0,0.0
1952,12,0.0,3.3247752,3.3247752,6.6495504
1953,1,0.0,0.0,0.0,0.0
1953,2,0.0,0.0,0.0,0.0
1953,3,0.0,0.0,0.0,0.0
1953,4,66.97562715,35.67119048000001,35.67119048000001,71.34238096000001
1953,5,0.33995765,1.269199,1.269199,2.538398
1953,6,121.09127624999998,106.52164214000001,106.52164214000001,213.04328428000002
1953,7,125.13341582000001,164.03033745000002,164.03033745000002,328.06067490000004
1953,8,59.45933762,72.864041535,72.864041535,145.72808307
1953,9,99.98149631000001,99.22315885,99.22315885,198.4463177
1953,10,208.33626891,256.88549121999995,256.88549121999995,513.7709824399999
1953,11,0.0,0.0,0.0,0.0
1953,12,0.0,0.0,0.0,0.0
1954,1,0.0,0.0,0.0,0.0
1954,2,0.0,0.0,0.0,0.0
1954,3,14.84227995,16.718474165,16.718474165,33.43694833
1954,4,11.575327770000001,12.1047124,12.1047124,24.2094248
1954,5,66.67168144,70.42918019,70.42918019,140.85836038
1954,6,74.52848295999998,31.865110935,31.865110935,63.73022187
1954,7,151.50384203999994,229.103578245,229.103578245,458.20715649
1954,8,112.622087534,87.18357542,87.18357542,174.36715084
1954,9,34.10804231,20.71343107,20.71343107,41.42686214
1954,10,103.9620171,87.69071876000001,87.69071876000001,175.38143752000002
1954,11,0.0,0.0,0.0,0.0
1954,12,10.5386885,14.697112400000002,14.697112400000002,29.394224800000003
1955,1,0.0,0.0,0.0,0.0
1955,2,0.0,0.0,0.0,0.0
1955,3,13.148004779999999,12.3016279,12.3016279,24.6032558
1955,4,1.46130782,28.36787096,28.36787096,56.73574192
1955,5,25.80511691,94.91611105000001,94.91611105000001,189.83222210000002
1955,6,57.67368534,109.3106174,109.3106174,218.6212348
1955,7,57.43947464,77.18132865999999,77.18132865999999,154.36265731999998
1955,8,97.93163854000001,94.14520388999999,94.14520388999999,188.29040777999998
1955,9,240.80053675000002,208.0129645,208.0129645,416.025929
1955,10,211.34889779999997,187.37612482000003,187.37612482000003,374.75224964000006
1955,11,21.95219,38.219498,38.219498,76.438996
1955,12,0.0,0.0,0.0,0.0
1956,1,0.0,0.0,0.0,0.0
1956,2,0.0,0.0,0.0,0.0
1956,3,0.0,0.0,0.0,0.0
1956,4,16.938462299999998,10.93962107,10.93962107,21.87924214
1956,5,128.48731687,105.49502240000001,105.49502240000001,210.99004480000002
1956,6,35.60651459,28.99603325,28.99603325,57.9920665
1956,7,232.71869140999996,193.09474747399997,193.09474747399997,386.18949494799995
1956,8,109.27369264999999,138.280640665,138.280640665,276.56128133
1956,9,57.104655705999996,66.49162709000001,66.49162709000001,132.98325418000002
1956,10,118.21398034999999,251.776628695,251.776628695,503.55325739
1956,11,162.8060337,249.10587067400002,249.10587067400002,498.21174134800003
1956,12,0.0,0.0,0.0,0.0
1957,1,0.0,0.0,0.0,0.0
1957,2,0.0,0.0,0.0,0.0
1957,3,5.22173484,8.3157157,8.3157157,16.6314314
1957,4,58.65458277999999,32.12202053,32.12202053,64.24404106
1957,5,89.34215135000001,84.64918136,84.64918136,169.29836272
1957,6,99.77370871000001,114.78714059,114.78714059,229.57428118
1957,7,101.04921990000001,86.78588548000002,86.78588548000002,173.57177096000004
1957,8,53.34576639000001,58.08428128,58.08428128,116.16856256
1957,9,138.22130375,98.78862826,98.78862826,197.57725652
1957,10,119.06828867,229.15642675999996,229.15642675999996,458.3128535199999
1957,11,40.09981309500001,24.875027100000004,24.875027100000004,49.75005420000001
1957,12,0.0,0.0,0.0,0.0
1958,1,0.0,0.0,0.0,0.0
1958,2,0.0,0.0,0.0,0.0
1958,3,34.914803799999994,43.072299799999996,43.072299799999996,86.14459959999999
1958,4,77.74810264999999,55.26242067,55.26242067,110.52484134
1958,5,107.70224092999999,107.5120585,107.5120585,215.024117
1958,6,60.71392272,46.72163810000001,46.72163810000001,93.44327620000001
1958,7,130.33672961,169.12742008,169.12742008,338.25484016
1958,8,129.76813879,147.46424645000002,147.46424645000002,294.92849290000004
1958,9,10.64663491,19.225454990000003,19.225454990000003,38.450909980000006
1958,10,21.08080821,21.1667904,21.1667904,42.3335808
1958,11,6.77829694,5.89092602,5.89092602,11.78185204
1958,12,0.0,0.0,0.0,0.0
1959,1,0.0,0.0,0.0,0.0
1959,2,0.0,0.0,0.0,0.0
1959,3,0.0,0.0,0.0,0.0
1959,4,19.071041379999997,62.33547691,62.33547691,124.67095382
1959,5,108.23320433,62.4714621,62.4714621,124.9429242
1959,6,311.96928347999994,250.23723879000002,250.23723879000002,500.47447758000004
1959,7,129.5414134,173.29227829,173.29227829,346.58455658
1959,8,67.32575303,87.07430855000001,87.07430855000001,174.14861710000002
1959,9,116.82691029000001,163.26930554,163.26930554,326.53861108
1959,10,23.199968119999998,40.770714600000005,40.770714600000005,81.54142920000001
1959,11,35.45649935,112.36925294000001,112.36925294000001,224.73850588000002
1959,12,0.0,0.0,0.0,0.0
1960,1,0.0,0.0,0.0,0.0
1960,2,0.0,0.0,0.0,0.0
1960,3,1.9451997,5.1390499,5.1390499,10.2780998
1960,4,10.5787631,20.795392659999997,20.795392659999997,41.590785319999995
1960,5,111.17306779,106.91768492,106.91768492,213.83536984
1960,6,21.16916068,67.98920917400001,67.98920917400001,135.97841834800002
1960,7,185.21244619999996,232.27999717,232.27999717,464.55999434
1960,8,38.34550948,29.068719300999998,29.068719300999998,58.137438601999996
1960,9,255.39549551999997,248.31940103999997,248.31940103999997,496.63880207999995
1960,10,38.22337989,29.346356550000003,29.346356550000003,58.692713100000006
1960,11,53.99473497999999,47.3957078,47.3957078,94.7914156
1960,12,5.8534374,0.0,0.0,0.0
1961,1,0.0,0.0,0.0,0.0
1961,2,0.0,0.0,0.0,0.0
1961,3,0.0,0.0,0.0,0.0
1961,4,9.555077279999999,20.56201512,20.56201512,41.12403024
1961,5,169.53038844,169.21231919,169.21231919,338.42463838
1961,6,134.24549499,40.93156237,40.93156237,81.86312474
1961,7,315.5118262000001,238.19883840999998,238.19883840999998,476.39767681999996
1961,8,36.46152549999999,45.3802017,45.3802017,90.7604034
1961,9,26.28207819,27.101527429999997,27.101527429999997,54.203054859999995
1961,10,129.84103305,53.30987738999999,53.30987738999999,106.61975477999998
1961,11,6.0453534,0.0,0.0,0.0
1961,12,0.0,0.0,0.0,0.0
1962,1,0.0,2.5878386,2.5878386,5.1756772
1962,2,0.0,4.53070398,4.53070398,9.06140796
1962,3,2.59489588,4.72236117,4.72236117,9.44472234
1962,4,9.42775852,80.34769002000002,80.34769002000002,160.69538004000003
1962,5,46.415495606,11.49472372,11.49472372,22.98944744
1962,6,32.672164364,46.556346950000005,46.556346950000005,93.11269390000001
1962,7,237.22399586600002,393.52684569999997,393.52684569999997,787.0536913999999
1962,8,37.44114481,210.56130515,210.56130515,421.1226103
1962,9,393.99687652,365.17146263,365.17146263,730.34292526
1962,10,54.875373249999996,18.905179359999998,18.905179359999998,37.810358719999996
1962,11,8.759020280000001,14.557453254999999,14.557453254999999,29.114906509999997
1962,12,22.14816346,35.77043391,35.77043391,71.54086782
1963,1,0.0,0.0,0.0,0.0
1963,2,19.047149930000003,27.758094959999998,27.758094959999998,55.516189919999995
1963,3,14.052298500000001,9.724991319999999,9.724991319999999,19.449982639999998
1963,4,36.28583336,18.057611020000003,18.057611020000003,36.115222040000006
1963,5,53.65475273,7.485687199999999,7.485687199999999,14.971374399999998
1963,6,122.78804740000001,26.63219004,26.63219004,53.26438008
1963,7,111.56544471999997,87.50226646,87.50226646,175.00453292
1963,8,121.50832495,135.70104484,135.70104484,271.40208968
1963,9,59.00189580999999,44.396188390000006,44.396188390000006,88.79237678000001
1963,10,178.90608876,140.90190445000002,140.90190445000002,281.80380890000004
1963,11,5.249196,13.301061,13.301061,26.602122
1963,12,0.0,0.0,0.0,0.0
1964,1,0.0,0.0,0.0,0.0
1964,2,0.0,0.0,0.0,0.0
1964,3,11.586781300000002,1.8468036900000002,1.8468036900000002,3.6936073800000004
1964,4,41.33673581,3.4214948,3.4214948,6.8429896
1964,5,11.706874800000001,0.1910136,0.1910136,0.3820272
1964,6,93.46874975399999,25.375239980000003,25.375239980000003,50.75047996000001
1964,7,167.99485369,53.685420859999994,53.685420859999994,107.37084171999999
1964,8,163.052232466,72.067849814,72.067849814,144.135699628
1964,9,204.67193162999996,306.98608765,306.98608765,613.9721753
1964,10,140.76596722000002,141.71146603,141.71146603,283.42293206
1964,11,19.7096699,35.99171256,35.99171256,71.98342512
1964,12,3.7887936,6.17972893,6.17972893,12.35945786
1965,1,0.0,0.0,0.0,0.0
1965,2,0.0,0.0,0.0,0.0
1965,3,0.0,0.0,0.0,0.0
1965,4,18.56050501,8.679773359999999,8.679773359999999,17.359546719999997
1965,5,73.89643334,17.188543250000002,17.188543250000002,34.377086500000004
1965,6,96.34789599999999,7.516821040000001,7.516821040000001,15.033642080000002
1965,7,206.57674519000005,169.79006429999995,169.79006429999995,339.5801285999999
1965,8,74.44608624,81.07494183600001,81.07494183600001,162.14988367200002
1965,9,64.15810386,54.147236019999994,54.147236019999994,108.29447203999999
1965,10,47.7417256,31.1621161,31.1621161,62.3242322
1965,11,0.0,0.0,0.0,0.0
1965,12,81.0558674,78.2281312,78.2281312,156.4562624
1966,1,0.0,0.21510896,0.21510896,0.43021792
1966,2,0.0,0.0,0.0,0.0
1966,3,0.5754110800000001,5.06048455,5.06048455,10.1209691
1966,4,0.0,0.767120955,0.767120955,1.53424191
1966,5,145.38955343,251.88092044,251.88092044,503.76184088
1966,6,90.99388785999999,113.6097506,113.6097506,227.2195012
1966,7,123.17823492000001,174.68647399999998,174.68647399999998,349.37294799999995
1966,8,30.800383240000002,14.19439492,14.19439492,28.38878984
1966,9,92.79017586999998,110.93506954,110.93506954,221.87013908
1966,10,33.86734596,22.481706940000002,22.481706940000002,44.963413880000004
1966,11,208.48883959999998,138.84879503500002,138.84879503500002,277.69759007000005
1966,12,25.938034599999998,13.198197299999999,13.198197299999999,26.396394599999997
1967,1,0.0,0.0,0.0,0.0
1967,2,0.0,0.0,0.0,0.0
1967,3,2.909625,3.656366,3.656366,7.312732
1967,4,32.7782174,25.5802525,25.5802525,51.160505
1967,5,16.936018609999998,17.09183011,17.09183011,34.18366022
1967,6,105.78594985000001,99.49725161999999,99.49725161999999,198.99450323999997
1967,7,165.88282204,154.17415153500002,154.17415153500002,308.34830307000004
1967,8,49.673219270000004,40.308950275,40.308950275,80.61790055
1967,9,142.32964504,144.01574935,144.01574935,288.0314987
1967,10,105.185294,109.04926270000001,109.04926270000001,218.09852540000003
1967,11,3.205254,2.0714064,2.0714064,4.1428128
1967,12,16.12059706,14.091077199999999,14.091077199999999,28.182154399999998
1968,1,6.879083,0.22433963,0.22433963,0.44867926
1968,2,0.0,0.0,0.0,0.0
1968,3,31.1070974,8.07240892,8.07240892,16.14481784
1968,4,23.427501799999998,16.318490750000002,16.318490750000002,32.636981500000005
1968,5,10.516525346,18.1460819,18.1460819,36.2921638
1968,6,78.17465164000001,22.36839724,22.36839724,44.73679448
1968,7,99.18626699000001,64.67218744,64.67218744,129.34437488
1968,8,42.601365514,38.74880331,38.74880331,77.49760662
1968,9,214.42358127400001,283.89538350000004,283.89538350000004,567.7907670000001
1968,10,83.22556333,93.67694545999998,93.67694545999998,187.35389091999997
1968,11,9.002888,17.92043046,17.92043046,35.84086092
1968,12,0.0,0.0,0.0,0.0
1969,1,0.0,0.0,0.0,0.0
1969,2,0.0,0.0,0.0,0.0
1969,3,7.868555,0.0,0.0,0.0
1969,4,8.4978126,36.6574194,36.6574194,73.3148388
1969,5,7.141321,0.112573676,0.112573676,0.225147352
1969,6,61.57984844999999,46.63268567000001,46.63268567000001,93.26537134000002
1969,7,129.5033659,329.46058279999994,329.46058279999994,658.9211655999999
1969,8,141.06317102,360.4405550099999,360.4405550099999,720.8811100199998
1969,9,82.98021325,106.15099660000001,106.15099660000001,212.30199320000003
1969,10,70.00576406,31.843593440000003,31.843593440000003,63.687186880000006
1969,11,51.10804067,11.8486846,11.8486846,23.6973692
1969,12,7.5071347699999995,0.3172216,0.3172216,0.6344432
1970,1,0.0,0.0,0.0,0.0
1970,2,0.0,0.0,0.0,0.0
1970,3,0.0,0.0,0.0,0.0
1970,4,59.37006105,13.927459299999999,13.927459299999999,27.854918599999998
1970,5,15.10406165,21.149037120000003,21.149037120000003,42.298074240000005
1970,6,26.16005704,53.06673707,53.06673707,106.13347414
1970,7,59.67416325999999,59.368242869999996,59.368242869999996,118.73648573999999
1970,8,84.51356985,103.85617260999999,103.85617260999999,207.71234521999997
1970,9,149.46961427,96.77466267,96.77466267,193.54932534
1970,10,159.31038108,39.78274597,39.78274597,79.56549194
1970,11,0.0,0.0,0.0,0.0
1970,12,0.0,0.0,0.0,0.0
1971,1,0.0,0.0,0.0,0.0
1971,2,0.0,0.0,0.0,0.0
1971,3,0.0,0.0,0.0,0.0
1971,4,13.356164880000001,19.7617962,19.7617962,39.5235924
1971,5,85.93913979000001,111.90514825,111.90514825,223.8102965
1971,6,68.02770743,82.95442596000001,82.95442596000001,165.90885192000002
1971,7,25.176925880000002,36.099137330000005,36.099137330000005,72.19827466000001
1971,8,89.62198999,87.02312966000001,87.02312966000001,174.04625932000002
1971,9,110.49658087,111.25025403,111.25025403,222.50050806
1971,10,52.986020260000004,94.45777496,94.45777496,188.91554992
1971,11,0.0,0.0,0.0,0.0
1971,12,0.0,0.0,0.0,0.0
1972,1,0.0,0.0,0.0,0.0
1972,2,0.0,0.0,0.0,0.0
1972,3,0.0,0.0,0.0,0.0
1972,4,47.298333819999996,1.0798556400000001,1.0798556400000001,2.1597112800000002
1972,5,1.135314556,2.53991941,2.53991941,5.07983882
1972,6,34.494570919000004,29.573146469999998,29.573146469999998,59.146292939999995
1972,7,53.739397770000004,50.308690490000004,50.308690490000004,100.61738098000001
1972,8,0.26750438,8.07599702,8.07599702,16.15199404
1972,9,76.41028856,88.61156275999998,88.61156275999998,177.22312551999997
1972,10,21.702680649999998,21.28357883,21.28357883,42.56715766
1972,11,0.6048273799999999,5.15273425,5.15273425,10.3054685
1972,12,0.0,0.0,0.0,0.0
1973,1,0.0,0.0,0.0,0.0
1973,2,0.0,0.0,0.0,0.0
1973,3,0.0,0.0,0.0,0.0
1973,4,10.959929,0.0,0.0,0.0
1973,5,44.72644648,48.910347300000005,48.910347300000005,97.82069460000001
1973,6,33.48968008000001,111.94903262,111.94903262,223.89806524
1973,7,174.01228797,96.75894732,96.75894732,193.51789464
1973,8,152.48810219,66.33409649,66.33409649,132.66819298
1973,9,57.50003487,42.92649628,42.92649628,85.85299256
1973,10,98.36182267,95.22312858999999,95.22312858999999,190.44625717999998
1973,11,1.24554363,0.11630276,0.11630276,0.23260552
1973,12,0.7232085500000001,0.0,0.0,0.0
1974,1,0.0,0.0,0.0,0.0
1974,2,0.0,0.0,0.0,0.0
1974,3,16.94582063,3.0979270999999997,3.0979270999999997,6.195854199999999
1974,4,24.03500286,4.81321744,4.81321744,9.62643488
1974,5,134.92704257,39.65872625,39.65872625,79.3174525
1974,6,118.0077426,45.450597280000004,45.450597280000004,90.90119456000001
1974,7,43.701751269999995,71.62369488,71.62369488,143.24738976
1974,8,109.48149619000002,45.934588600000005,45.934588600000005,91.86917720000001
1974,9,226.097431,199.86146329000002,199.86146329000002,399.72292658000003
1974,10,237.1033593,142.14469820500003,142.14469820500003,284.28939641000005
1974,11,0.0,0.0,0.0,0.0
1974,12,0.0,0.0,0.0,0.0
1975,1,0.0,0.0,0.0,0.0
1975,2,0.0,0.0,0.0,0.0
1975,3,0.0,0.0,0.0,0.0
1975,4,1.11609567,1.9897367899999998,1.9897367899999998,3.9794735799999996
1975,5,13.963253210000001,82.85401110999999,82.85401110999999,165.70802221999998
1975,6,129.33624142,118.10520285999999,118.10520285999999,236.21040571999998
1975,7,146.75094712,236.05497756,236.05497756,472.10995512
1975,8,37.755465900000004,45.23802587,45.23802587,90.47605174
1975,9,269.8068816499999,208.13515879,208.13515879,416.27031758
1975,10,222.50231862000004,458.96700975,458.96700975,917.9340195
1975,11,1.8180946,9.625891,9.625891,19.251782
1975,12,0.0,0.0,0.0,0.0
1976,1,0.0,0.0,0.0,0.0
1976,2,0.0,0.0,0.0,0.0
1976,3,16.49947993,11.22714729,11.22714729,22.45429458
1976,4,19.29850167,8.7639321,8.7639321,17.5278642
1976,5,21.9720737,1.1175974800000001,1.1175974800000001,2.2351949600000003
1976,6,182.22634742,102.03441559999999,102.03441559999999,204.06883119999998
1976,7,89.76462444,181.18547886,181.18547886,362.37095772
1976,8,72.45091699,163.05075104999995,163.05075104999995,326.1015020999999
1976,9,73.79384993999999,101.27441678,101.27441678,202.54883356
1976,10,25.806003110000002,7.62824358,7.62824358,15.25648716
1976,11,75.25130736999999,149.10450919999997,149.10450919999997,298.20901839999993
1976,12,0.0,0.0,0.0,0.0
1977,1,0.0,0.0,0.0,0.0
1977,2,0.0,0.0,0.0,0.0
1977,3,0.10607874,9.4075507,9.4075507,18.8151014
1977,4,42.47931466,33.54806328,33.54806328,67.09612656
1977,5,114.80196698,201.29757361999998,201.29757361999998,402.59514723999996
1977,6,295.348924996,185.07643611999998,185.07643611999998,370.15287223999997
1977,7,79.53180302,188.54215481,188.54215481,377.08430962
1977,8,63.14709151,91.29686916000001,91.29686916000001,182.59373832000003
1977,9,63.474030045999996,74.81560705,74.81560705,149.6312141
1977,10,155.23463710000001,110.4031947,110.4031947,220.8063894
1977,11,82.01451519,152.13955032,152.13955032,304.27910064
1977,12,0.0,0.0,0.0,0.0
1978,1,0.0,0.0,0.0,0.0
1978,2,2.2409482,2.29885917,2.29885917,4.59771834
1978,3,0.0,0.0,0.0,0.0
1978,4,44.79103887,227.54248588,227.54248588,455.08497176
1978,5,13.749814429999999,121.05563639,121.05563639,242.11127278
1978,6,52.29573137,126.70732125,126.70732125,253.4146425
1978,7,65.09992438600001,52.842718819999995,52.842718819999995,105.68543763999999
1978,8,84.97336821,86.18525102,86.18525102,172.37050204
1978,9,152.01796882,182.6333295,182.6333295,365.266659
1978,10,110.42858820400001,149.79215987999999,149.79215987999999,299.58431975999997
1978,11,53.328426,118.18780447,118.18780447,236.37560894
1978,12,0.0,0.0,0.0,0.0
1979,1,0.0,0.0,0.0,0.0
1979,2,0.0,0.0,0.0,0.0
1979,3,0.0,0.0,0.0,0.0
1979,4,0.70669246,2.2227676,2.2227676,4.4455352
1979,5,50.062285754,5.08185677,5.08185677,10.16371354
1979,6,109.66942470000001,35.808228590000006,35.808228590000006,71.61645718000001
1979,7,99.4943618,60.33028367399999,60.33028367399999,120.66056734799999
1979,8,140.92942997,78.08221128999999,78.08221128999999,156.16442257999998
1979,9,301.23818697,159.32173344999998,159.32173344999998,318.64346689999996
1979,10,106.18621197600001,18.51324588,18.51324588,37.02649176
1979,11,38.050335254000004,18.30772091,18.30772091,36.61544182
1979,12,0.0,0.0,0.0,0.0
1980,1,0.0,0.0,0.0,0.0
1980,2,0.0,0.0,0.0,0.0
1980,3,0.0,0.0,0.0,0.0
1980,4,131.9212882,2.74620456,2.74620456,5.49240912
1980,5,45.43630456999999,4.36472352,4.36472352,8.72944704
1980,6,88.20820397000001,84.11553724000001,84.11553724000001,168.23107448000002
1980,7,109.30417484,104.3728189,104.3728189,208.7456378
1980,8,98.17586388000001,107.490507564,107.490507564,214.981015128
1980,9,56.2367761,116.68555224,116.68555224,233.37110448
1980,10,46.803969099999996,25.187562,25.187562,50.375124
1980,11,44.357228989999996,69.1114204,69.1114204,138.2228408
1980,12,17.80843797,19.0080816,19.0080816,38.0161632
1981,1,0.9476336,0.55969794,0.55969794,1.11939588
1981,2,0.0,0.0,0.0,0.0
1981,3,0.119721025,0.354639,0.354639,0.709278
1981,4,63.6429805,17.12302523,17.12302523,34.24605046
1981,5,0.44373293,24.299440530000002,24.299440530000002,48.598881060000004
1981,6,218.29703563,217.10224746,217.10224746,434.20449492
1981,7,68.669229074,93.68354884,93.68354884,187.36709768
1981,8,76.5666446,63.137720519999995,63.137720519999995,126.27544103999999
1981,9,429.544660015,340.07292414999995,340.07292414999995,680.1458482999999
1981,10,96.87942564,2.1269845,2.1269845,4.253969
1981,11,7.7899074,0.90230375,0.90230375,1.8046075
1981,12,0.0,0.0,0.0,0.0
1982,1,0.0,0.0,0.0,0.0
1982,2,0.0,0.0,0.0,0.0
1982,3,0.0,0.0,0.0,0.0
1982,4,0.119721025,5.140514619999999,5.140514619999999,10.281029239999999
1982,5,113.39549950000003,116.60864983,116.60864983,233.21729966
1982,6,208.9292601,77.2993472,77.2993472,154.5986944
1982,7,135.3227489,77.63443798,77.63443798,155.26887596
1982,8,66.59893714,80.10497105999998,80.10497105999998,160.20994211999997
1982,9,171.25615027999999,118.55861040000002,118.55861040000002,237.11722080000004
1982,10,68.0983038,89.87919415999998,89.87919415999998,179.75838831999997
1982,11,44.510597849999996,39.2903245,39.2903245,78.580649
1982,12,0.0,0.0,0.0,0.0
1983,1,0.0,0.0,0.0,0.0
1983,2,0.0,0.0,0.0,0.0
1983,3,0.0,0.0,0.0,0.0
1983,4,0.0,0.0,0.0,0.0
1983,5,7.1831857,13.154712189999998,13.154712189999998,26.309424379999996
1983,6,145.0834993,178.4625331,178.4625331,356.9250662
1983,7,60.81467919000001,64.7348949,64.7348949,129.4697898
1983,8,94.77479018000001,145.82063455999997,145.82063455999997,291.64126911999995
1983,9,104.73430171000003,77.78528254000001,77.78528254000001,155.57056508000002
1983,10,22.304616319999997,13.76771475,13.76771475,27.5354295
1983,11,19.2385502,2.54157946,2.54157946,5.08315892
1983,12,9.010315,9.660808,9.660808,19.321616
1984,1,0.0,0.0,0.0,0.0
1984,2,21.3625588,8.4702997,8.4702997,16.9405994
1984,3,15.832742,1.5072157800000001,1.5072157800000001,3.0144315600000002
1984,4,5.915004,44.17724401,44.17724401,88.35448802
1984,5,0.0,0.34778857,0.34778857,0.69557714
1984,6,42.79164883,18.98513948,18.98513948,37.97027896
1984,7,110.63484147999999,152.26922549000005,152.26922549000005,304.5384509800001
1984,8,38.36402779,30.7960669,30.7960669,61.5921338
1984,9,77.08511303000002,73.42906064999998,73.42906064999998,146.85812129999997
1984,10,75.51139973,105.15421769,105.15421769,210.30843538
1984,11,0.0,0.0,0.0,0.0
1984,12,0.0,0.0,0.0,0.0
1985,1,0.0,0.0,0.0,0.0
1985,2,0.0,0.0,0.0,0.0
1985,3,1.0279163,4.77302552,4.77302552,9.54605104
1985,4,34.1792908,3.6196498999999998,3.6196498999999998,7.2392997999999995
1985,5,13.3197471,24.005516399999998,24.005516399999998,48.011032799999995
1985,6,42.80276013,75.18827768,75.18827768,150.37655536
1985,7,74.9733432,114.30530103,114.30530103,228.61060206
1985,8,54.201049319999996,74.90768109999999,74.90768109999999,149.81536219999998
1985,9,63.17496901,95.51913969,95.51913969,191.03827938
1985,10,61.611093999999994,73.84421306,73.84421306,147.68842612
1985,11,0.28367952,20.282160599999997,20.282160599999997,40.564321199999995
1985,12,0.0,0.0,0.0,0.0
1986,1,2.1742408,0.42660847,0.42660847,0.85321694
1986,2,0.0,0.0,0.0,0.0
1986,3,2.4566433,0.0,0.0,0.0
1986,4,12.370772800000001,4.5936062,4.5936062,9.1872124
1986,5,13.942162969999998,1.71568153,1.71568153,3.43136306
1986,6,134.17247117000002,141.93618397,141.93618397,283.87236794
1986,7,18.9444861,18.381888674000002,18.381888674000002,36.763777348000005
1986,8,55.654442579999994,70.91877319,70.91877319,141.83754638
1986,9,96.96128666999999,154.81144129000003,154.81144129000003,309.62288258000007
1986,10,16.16013404,14.23588109,14.23588109,28.47176218
1986,11,27.1805539,25.9736913,25.9736913,51.9473826
1986,12,0.0,0.0,0.0,0.0
1987,1,20.327017,15.850295,15.850295,31.70059
1987,2,0.0,0.0,0.0,0.0
1987,3,0.31919995,44.001087,44.001087,88.002174
1987,4,0.47787978999999997,14.969724,14.969724,29.939448
1987,5,92.46421898,106.03710265000001,106.03710265000001,212.07420530000002
1987,6,126.48769510000001,131.70159013,131.70159013,263.40318026
1987,7,59.9773675,91.3297681,91.3297681,182.6595362
1987,8,138.94483545,108.96988913,108.96988913,217.93977826
1987,9,106.96577267999999,97.82690198399999,97.82690198399999,195.65380396799998
1987,10,127.27444,111.2035014,111.2035014,222.4070028
1987,11,28.902130200000002,38.8826667,38.8826667,77.7653334
1987,12,28.3826807,28.03084534,28.03084534,56.06169068
1988,1,0.0,0.0,0.0,0.0
1988,2,0.0,0.0,0.0,0.0
1988,3,0.0,0.0,0.0,0.0
1988,4,59.652504570000005,21.60751866,21.60751866,43.21503732
1988,5,41.86725867,46.2739547,46.2739547,92.5479094
1988,6,87.1424338,118.30415411,118.30415411,236.60830822
1988,7,118.77608539999997,150.6863459,150.6863459,301.3726918
1988,8,122.002152,206.24458992,206.24458992,412.48917984
1988,9,338.76462106,216.94121956,216.94121956,433.88243912
1988,10,39.9964765,14.30911101,14.30911101,28.61822202
1988,11,5.7749066,0.0,0.0,0.0
1988,12,35.198193429999996,7.9048818,7.9048818,15.8097636
1989,1,0.0,0.0,0.0,0.0
1989,2,0.0,0.0,0.0,0.0
1989,3,7.715188260000001,14.1334478,14.1334478,28.2668956
1989,4,14.4668531,31.15947639,31.15947639,62.31895278
1989,5,9.99795798,2.31613279,2.31613279,4.63226558
1989,6,118.83771865,102.99041387999999,102.99041387999999,205.98082775999998
1989,7,149.43818025800002,122.05667895,122.05667895,244.1133579
1989,8,26.434052188000003,20.560582179999997,20.560582179999997,41.121164359999995
1989,9,171.26508832399998,129.43316446,129.43316446,258.86632892
1989,10,20.647548159999996,10.445246,10.445246,20.890492
1989,11,3.7730246240000005,15.0723237,15.0723237,30.1446474
1989,12,0.0,0.0,0.0,0.0
1990,1,0.0,0.0,0.0,0.0
1990,2,0.0,0.16931473,0.16931473,0.33862946
1990,3,0.0,0.0,0.0,0.0
1990,4,0.0,0.0,0.0,0.0
1990,5,143.04050342,65.43556657600001,65.43556657600001,130.87113315200003
1990,6,66.07202674999999,68.82227119,68.82227119,137.64454238
1990,7,101.45455048,145.33917326,145.33917326,290.67834652
1990,8,77.85791287000002,116.21699262000001,116.21699262000001,232.43398524000003
1990,9,10.020096200000001,20.9099524,20.9099524,41.8199048
1990,10,172.95899500000002,123.29723677000001,123.29723677000001,246.59447354000002
1990,11,25.70928577,38.530815090000004,38.530815090000004,77.06163018000001
1990,12,0.0,0.0,0.0,0.0
1991,1,0.0,0.0,0.0,0.0
1991,2,0.0,0.0,0.0,0.0
1991,3,0.0,0.0,0.0,0.0
1991,4,41.00425213,40.60866821,40.60866821,81.21733642
1991,5,145.13639229999998,103.05995184999999,103.05995184999999,206.11990369999998
1991,6,379.4765849,408.6906887,408.6906887,817.3813774
1991,7,154.48227623,234.71189671000002,234.71189671000002,469.42379342000004
1991,8,64.47711203000001,83.80960431000001,83.80960431000001,167.61920862000002
1991,9,152.7028742,153.16744502,153.16744502,306.33489004
1991,10,70.87613830000001,92.63352979999999,92.63352979999999,185.26705959999998
1991,11,0.0,0.118213,0.118213,0.236426
1991,12,0.0,0.0,0.0,0.0
1992,1,0.0,0.0,0.0,0.0
1992,2,0.0,0.0,0.0,0.0
1992,3,0.0,0.0,0.0,0.0
1992,4,7.5073785,0.2600686,0.2600686,0.5201372
1992,5,11.433764,15.9048043,15.9048043,31.8096086
1992,6,127.28056312999999,90.27293706999998,90.27293706999998,180.54587413999997
1992,7,137.44525527999997,51.975377640000005,51.975377640000005,103.95075528000001
1992,8,100.42272872,67.51590648,67.51590648,135.03181296
1992,9,90.17969779999999,69.74022957999999,69.74022957999999,139.48045915999998
1992,10,57.38487114,76.67338432,76.67338432,153.34676864
1992,11,10.36309582,23.95661427,23.95661427,47.91322854
1992,12,0.0,0.0,0.0,0.0
1993,1,0.0,0.0,0.0,0.0
1993,2,0.0,0.0,0.0,0.0
1993,3,12.536242,0.2482473,0.2482473,0.4964946
1993,4,46.2229406,4.00240376,4.00240376,8.00480752
1993,5,16.80829102,34.82290269,34.82290269,69.64580538
1993,6,178.69515379999999,123.57515140000001,123.57515140000001,247.15030280000002
1993,7,141.27302099000002,97.52247469999999,97.52247469999999,195.04494939999998
1993,8,98.32435525,133.85295231499998,133.85295231499998,267.70590462999996
1993,9,49.991146765,49.83309914000001,49.83309914000001,99.66619828000002
1993,10,333.48109095,235.4842406,235.4842406,470.9684812
1993,11,1.6232293,21.168259,21.168259,42.336518
1993,12,5.76962227,17.3475231,17.3475231,34.6950462
1994,1,0.24450973,31.834297,31.834297,63.668594
1994,2,0.0,0.0,0.0,0.0
1994,3,0.0,0.0,0.0,0.0
1994,4,114.17360438,19.229237190000003,19.229237190000003,38.458474380000006
1994,5,78.67078959,74.26775119999999,74.26775119999999,148.53550239999998
1994,6,209.8045421,204.79540197,204.79540197,409.59080394
1994,7,149.26337922400003,174.86471033,174.86471033,349.72942066
1994,8,56.19236979,60.033274559999995,60.033274559999995,120.06654911999999
1994,9,16.594451959999997,19.73264233,19.73264233,39.46528466
1994,10,115.24646389000002,204.57213914,204.57213914,409.14427828
1994,11,0.0,0.0,0.0,0.0
1994,12,0.0,0.0,0.0,0.0
1995,1,87.10071500000001,29.875098849999997,29.875098849999997,59.750197699999994
1995,2,0.0,0.0,0.0,0.0
1995,3,0.0,0.0,0.0,0.0
1995,4,24.661447216,1.62260286,1.62260286,3.24520572
1995,5,49.2403186,68.03539972,68.03539972,136.07079944
1995,6,41.42314516,22.904079659999997,22.904079659999997,45.808159319999994
1995,7,129.2458536,90.7322298,90.7322298,181.4644596
1995,8,48.09118820000001,58.34904424,58.34904424,116.69808848
1995,9,251.51011085000005,100.53992988,100.53992988,201.07985976
1995,10,208.32480425999998,158.90273203,158.90273203,317.80546406
1995,11,2.8209713,16.602097,16.602097,33.204194
1995,12,0.0,0.0,0.0,0.0
1996,1,0.0,0.0,0.0,0.0
1996,2,0.0,0.0,0.0,0.0
1996,3,0.0,0.0,0.0,0.0
1996,4,0.36180297,10.608550999999999,10.608550999999999,21.217101999999997
1996,5,36.411026,95.2302596,95.2302596,190.4605192
1996,6,155.82463768000002,69.91046066999999,69.91046066999999,139.82092133999998
1996,7,124.99640130000002,99.68820249999999,99.68820249999999,199.37640499999998
1996,8,73.29933410999999,62.93007206,62.93007206,125.86014412
1996,9,133.78511394999998,62.77789836,62.77789836,125.55579672
1996,10,225.95110364000004,158.69324930000002,158.69324930000002,317.38649860000004
1996,11,0.0,0.0,0.0,0.0
1996,12,0.0,0.0,0.0,0.0
1997,1,8.723759,15.499821,15.499821,30.999642
1997,2,0.0,0.0,0.0,0.0
1997,3,0.21523693,18.130777000000002,18.130777000000002,36.261554000000004
1997,4,11.10868333,32.0555036,32.0555036,64.1110072
1997,5,16.615327699999998,0.0,0.0,0.0
1997,6,110.44307217,63.13652303,63.13652303,126.27304606
1997,7,65.99435708,144.813375546,144.813375546,289.626751092
1997,8,109.7017849,128.94364733999998,128.94364733999998,257.88729467999997
1997,9,83.74317599999999,60.8340254,60.8340254,121.6680508
1997,10,60.59205861000001,103.21105890999999,103.21105890999999,206.42211781999998
1997,11,64.09344135,27.23099335,27.23099335,54.4619867
1997,12,21.81115433,40.1024662,40.1024662,80.2049324
1998,1,0.0,0.0,0.0,0.0
1998,2,0.0,0.0,0.0,0.0
1998,3,0.0,0.0,0.0,0.0
1998,4,0.0,0.0,0.0,0.0
1998,5,61.20807956,46.976399230000006,46.976399230000006,93.95279846000001
1998,6,85.30943133999997,92.29385579999999,92.29385579999999,184.58771159999998
1998,7,191.899877606,194.81726699999996,194.81726699999996,389.6345339999999
1998,8,97.22087011,136.72209853,136.72209853,273.44419706
1998,9,114.8155852,184.43895709999998,184.43895709999998,368.87791419999996
1998,10,214.08795039999998,282.54860922,282.54860922,565.09721844
1998,11,9.904651,16.04982413,16.04982413,32.09964826
1998,12,0.0,0.0,0.0,0.0
1999,1,0.0,0.0,0.0,0.0
1999,2,0.0,0.0,0.0,0.0
1999,3,0.0,0.0,0.0,0.0
1999,4,0.0,0.0,0.0,0.0
1999,5,82.8197772,57.15548464999999,57.15548464999999,114.31096929999998
1999,6,128.28732323999998,113.56218225,113.56218225,227.1243645
1999,7,60.952077970000005,92.65013537,92.65013537,185.30027074
1999,8,18.160885829999998,44.14146191999999,44.14146191999999,88.28292383999998
1999,9,114.6340639,100.65546739999999,100.65546739999999,201.31093479999998
1999,10,143.10476840000004,171.02920935,171.02920935,342.0584187
1999,11,0.0,0.0,0.0,0.0
1999,12,0.0,0.0,0.0,0.0
2000,1,0.0,0.1063917,0.1063917,0.2127834
2000,2,0.0,0.0,0.0,0.0
2000,3,0.0,0.1300343,0.1300343,0.2600686
2000,4,0.17103356,6.7471974,6.7471974,13.4943948
2000,5,22.42238026,43.493160014000004,43.493160014000004,86.98632002800001
2000,6,97.1643621,72.46744199999999,72.46744199999999,144.93488399999998
2000,7,91.1717524,97.12816323,97.12816323,194.25632646
2000,8,156.35795540000004,129.21068605000002,129.21068605000002,258.42137210000004
2000,9,158.1632968,213.04297269999998,213.04297269999998,426.08594539999996
2000,10,57.4104389,63.77995283,63.77995283,127.55990566
2000,11,0.0,2.641716,2.641716,5.283432
2000,12,0.0,0.0,0.0,0.0
2001,1,0.17475028,0.6621513,0.6621513,1.3243026
2001,2,0.0,0.0,0.0,0.0
2001,3,0.0,0.0,0.0,0.0
2001,4,0.34719095,1.59363466,1.59363466,3.18726932
2001,5,17.689529999999998,0.0,0.0,0.0
2001,6,31.623898780000005,57.989340760000005,57.989340760000005,115.97868152000001
2001,7,69.74052416,71.47690854,71.47690854,142.95381708
2001,8,37.383614550000004,107.16054272,107.16054272,214.32108544
2001,9,168.41852599999999,213.76754984999997,213.76754984999997,427.53509969999993
2001,10,96.08746295,257.6087538,257.6087538,515.2175076
2001,11,0.0,0.0,0.0,0.0
2001,12,0.0,0.0,0.0,0.0
2002,1,0.0,0.0,0.0,0.0
2002,2,0.0,0.17431056,0.17431056,0.34862112
2002,3,0.0,0.0,0.0,0.0
2002,4,8.74926434,33.485907839999996,33.485907839999996,66.97181567999999
2002,5,29.103494310000002,31.03944726,31.03944726,62.07889452
2002,6,89.33534751,69.37437816,69.37437816,138.74875632
2002,7,37.18952802,13.10362621,13.10362621,26.20725242
2002,8,69.929735665,183.33232452999997,183.33232452999997,366.66464905999993
2002,9,78.99331424,94.07745195,94.07745195,188.1549039
2002,10,74.91527707,81.33532199999999,81.33532199999999,162.67064399999998
2002,11,14.026304,6.9176002,6.9176002,13.8352004
2002,12,0.0,0.0,0.0,0.0
2003,1,0.0,0.0,0.0,0.0
2003,2,3.4853484000000003,2.03121915,2.03121915,4.0624383
2003,3,1.45829651,64.148269,64.148269,128.296538
2003,4,7.54184053,34.3328759,34.3328759,68.6657518
2003,5,18.49104485,17.994675500000003,17.994675500000003,35.989351000000006
2003,6,21.3063581,61.79497918,61.79497918,123.58995836
2003,7,21.672043099999996,67.696227616,67.696227616,135.392455232
2003,8,34.897799054000004,49.73919395,49.73919395,99.4783879
2003,9,21.84766037,16.5634238,16.5634238,33.1268476
2003,10,51.64656992,81.46564906,81.46564906,162.93129812
2003,11,11.007682800000001,0.0,0.0,0.0
2003,12,0.0,0.0,0.0,0.0
2004,1,0.0,0.0,0.0,0.0
2004,2,0.0,0.0,0.0,0.0
2004,3,0.0,0.0,0.0,0.0
2004,4,0.0,12.494270499999999,12.494270499999999,24.988540999999998
2004,5,84.4746982,44.635924779999996,44.635924779999996,89.27184955999999
2004,6,174.93364443,192.77690769000003,192.77690769000003,385.55381538000006
2004,7,19.84690801,66.48667760000001,66.48667760000001,132.97335520000001
2004,8,84.18258938,141.7696,141.7696,283.5392
2004,9,162.46496969999998,137.11367516999996,137.11367516999996,274.22735033999993
2004,10,21.44890185,23.64227815,23.64227815,47.2845563
2004,11,0.0,0.0,0.0,0.0
2004,12,0.0,0.0,0.0,0.0
2005,1,0.12521894,0.0,0.0,0.0
2005,2,1.9734907,2.0885563,2.0885563,4.1771126
2005,3,0.0,0.0,0.0,0.0
2005,4,83.19241012,81.46857764,81.46857764,162.93715528
2005,5,77.00702903000001,75.109562214,75.109562214,150.219124428
2005,6,139.46818954,135.21272457999999,135.21272457999999,270.42544915999997
2005,7,291.06948847,280.54732731999997,280.54732731999997,561.0946546399999
2005,8,222.35509573,214.71177146,214.71177146,429.42354292
2005,9,232.33821984000002,230.83407523600002,230.83407523600002,461.66815047200004
2005,10,140.19304789,142.02735586000003,142.02735586000003,284.05471172000006
2005,11,0.0,0.0,0.0,0.0
2005,12,0.0,0.0,0.0,0.0
2006,1,0.0,0.0,0.0,0.0
2006,2,0.0,0.0,0.0,0.0
2006,3,10.927967,7.0637383,7.0637383,14.1274766
2006,4,0.0,0.21869405,0.21869405,0.4373881
2006,5,83.20707240000002,172.70417754000002,172.70417754000002,345.40835508000004
2006,6,155.81976669999997,166.18096486000005,166.18096486000005,332.3619297200001
2006,7,134.54910131,213.01513407999994,213.01513407999994,426.0302681599999
2006,8,119.97869224999998,166.74939025,166.74939025,333.4987805
2006,9,124.79522842,182.62821773999997,182.62821773999997,365.25643547999994
2006,10,102.62102680000001,47.55170913,47.55170913,95.10341826
2006,11,29.576879350000002,42.9687396,42.9687396,85.9374792
2006,12,0.0,0.0,0.0,0.0
2007,1,0.0,0.0,0.0,0.0
2007,2,0.0,5.0080376,5.0080376,10.0160752
2007,3,0.0,0.0,0.0,0.0
2007,4,0.6345214,2.02735285,2.02735285,4.0547057
2007,5,1.41869409,18.8891884,18.8891884,37.7783768
2007,6,273.94532675,332.26428374000005,332.26428374000005,664.5285674800001
2007,7,90.52363172999999,71.23799251,71.23799251,142.47598502
2007,8,137.01550643000002,99.49323121,99.49323121,198.98646242
2007,9,137.2247267,120.35369086,120.35369086,240.70738172
2007,10,10.201042,29.012745000000002,29.012745000000002,58.025490000000005
2007,11,0.17359547,0.72109925,0.72109925,1.4421985
2007,12,0.0,0.0,0.0,0.0
2008,1,0.0,0.0,0.0,0.0
2008,2,0.0,0.55007981,0.55007981,1.10015962
2008,3,45.26671289,129.54890909,129.54890909,259.09781818
2008,4,0.59261911,2.11172925,2.11172925,4.2234585
2008,5,0.42700496,2.2645119699999996,2.2645119699999996,4.529023939999999
2008,6,49.403722699999996,68.91507887,68.91507887,137.83015774
2008,7,14.3893068,30.83975134,30.83975134,61.67950268
2008,8,72.4090394,89.342879286,89.342879286,178.685758572
2008,9,211.57852377999998,78.7720626,78.7720626,157.5441252
2008,10,60.03010788,100.04117109500001,100.04117109500001,200.08234219000002
2008,11,0.45493987,2.03547376,2.03547376,4.07094752
2008,12,0.0,0.0,0.0,0.0
2009,1,0.0,0.0,0.0,0.0
2009,2,0.0,0.0,0.0,0.0
2009,3,0.8842616799999999,0.51352863,0.51352863,1.02705726
2009,4,4.18849026,2.5754052,2.5754052,5.1508104
2009,5,52.69081122,46.825187320000005,46.825187320000005,93.65037464000001
2009,6,66.33030092,49.81004849400001,49.81004849400001,99.62009698800001
2009,7,108.82573202,215.29056909000002,215.29056909000002,430.58113818000004
2009,8,91.704894216,41.742720844999994,41.742720844999994,83.48544168999999
2009,9,165.92083146,224.057050924,224.057050924,448.114101848
2009,10,75.45657951,150.1143459,150.1143459,300.2286918
2009,11,90.52920036,90.03452316,90.03452316,180.06904632
2009,12,3.4683503800000004,3.8262319299999996,3.8262319299999996,7.652463859999999
2010,1,0.0,0.0,0.0,0.0
2010,2,0.0,0.0,0.0,0.0
2010,3,0.0,0.0,0.0,0.0
2010,4,50.80490796,51.84803075,51.84803075,103.6960615
2010,5,0.56551803,1.1305095200000002,1.1305095200000002,2.2610190400000003
2010,6,161.5415751,166.978385,166.978385,333.95677
2010,7,131.3133879,170.121877205,170.121877205,340.24375441
2010,8,104.41979497999999,44.516083855,44.516083855,89.03216771
2010,9,105.25438991000001,89.9202023,89.9202023,179.8404046
2010,10,79.5932806,31.766697800000003,31.766697800000003,63.533395600000006
2010,11,50.967241879999996,80.03162363000001,80.03162363000001,160.06324726000003
2010,12,0.55251575,0.39273277,0.39273277,0.78546554
2011,1,0.0,0.0,0.0,0.0
2011,2,0.6864006,1.6140786,1.6140786,3.2281572
2011,3,0.0,0.0,0.0,0.0
2011,4,7.3321058,1.25669147,1.25669147,2.51338294
2011,5,10.85750838,3.0714606,3.0714606,6.1429212
2011,6,61.452837559999985,75.85185476999999,75.85185476999999,151.70370953999998
2011,7,61.9386711,51.92429707,51.92429707,103.84859414
2011,8,78.836992285,45.026280979999996,45.026280979999996,90.05256195999999
2011,9,51.457804306,61.18746630000001,61.18746630000001,122.37493260000002
2011,10,35.541439616,59.63023027,59.63023027,119.26046054
2011,11,0.0,0.0,0.0,0.0
2011,12,0.0,0.0,0.0,0.0
2012,1,0.0,0.0,0.0,0.0
2012,2,0.0,0.0,0.0,0.0
2012,3,0.0,0.0,0.0,0.0
2012,4,0.16885466999999998,9.439106939999999,9.439106939999999,18.878213879999997
2012,5,0.0,0.0,0.0,0.0
2012,6,29.218569670999997,32.961442967,32.961442967,65.922885934
2012,7,75.58187149099999,117.63670803700002,117.63670803700002,235.27341607400004
2012,8,54.954530334999994,59.511874936999995,59.511874936999995,119.02374987399999
2012,9,53.903888818000006,128.858309601,128.858309601,257.716619202
2012,10,122.53847151999999,120.46671620500001,120.46671620500001,240.93343241000002
2012,11,0.17383875,15.736662643999999,15.736662643999999,31.473325287999998
2012,12,0.0,0.0,0.0,0.0
2013,1,0.0,0.0,0.0,0.0
2013,2,0.14025399,0.22190677,0.22190677,0.44381354
2013,3,0.0,0.0,0.0,0.0
2013,4,31.174112,54.42779,54.42779,108.85558
2013,5,9.31240897,23.484857599999998,23.484857599999998,46.969715199999996
2013,6,65.87753984,47.82216133,47.82216133,95.64432266
2013,7,83.49733172000002,125.19145602000002,125.19145602000002,250.38291204000004
2013,8,38.07272466,32.992675285000004,32.992675285000004,65.98535057000001
2013,9,217.28520009000002,106.69224053,106.69224053,213.38448106
2013,10,43.682155519999995,86.64504991,86.64504991,173.29009982
2013,11,7.92576382,4.0325184,4.0325184,8.0650368
2013,12,0.0,0.0,0.0,0.0
2014,1,0.0,0.0,0.0,0.0
2014,2,0.0,0.0,0.0,0.0
2014,3,4.32120443,15.844243643999999,15.844243643999999,31.688487287999997
2014,4,42.09569587000001,27.23822913,27.23822913,54.47645826
2014,5,47.37053646999999,48.318159939999994,48.318159939999994,96.63631987999999
2014,6,39.69932649,40.533658960000004,40.533658960000004,81.06731792000001
2014,7,129.92812152,158.23474998999998,158.23474998999998,316.46949997999997
2014,8,170.95447598,162.24380530999997,162.24380530999997,324.48761061999994
2014,9,37.93421737,43.76241655999999,43.76241655999999,87.52483311999998
2014,10,115.6291303,101.73475439,101.73475439,203.46950878
2014,11,43.30608524,27.63542708,27.63542708,55.27085416
2014,12,37.389376469999995,16.40171,16.40171,32.80342
2015,1,5.9843298,5.67877253,5.67877253,11.35754506
2015,2,0.0,0.0,0.0,0.0
2015,3,39.579270699999995,18.3467197,18.3467197,36.6934394
2015,4,7.14933385,18.26610473,18.26610473,36.53220946
2015,5,70.3263378,83.75751265,83.75751265,167.5150253
2015,6,92.56435143,109.42295452,109.42295452,218.84590904
2015,7,11.40564409,11.413211469999998,11.413211469999998,22.826422939999997
2015,8,8.498431309999999,15.033084699999998,15.033084699999998,30.066169399999996
2015,9,104.8189299,102.86997054,102.86997054,205.73994108
2015,10,69.96356866,37.55756178,37.55756178,75.11512356
2015,11,9.358187099999999,2.898146,2.898146,5.796292
2015,12,0.0,0.34789374,0.34789374,0.69578748
2016,1,0.0,0.0,0.0,0.0
2016,2,0.6333436,0.0,0.0,0.0
2016,3,6.6887043,2.77601848,2.77601848,5.55203696
2016,4,8.98245743,3.11386399,3.11386399,6.22772798
2016,5,1.52609566,12.5919113,12.5919113,25.1838226
2016,6,101.45541081999998,81.33814213,81.33814213,162.67628426
2016,7,229.81593193999996,326.69926451999993,326.69926451999993,653.3985290399999
2016,8,97.93983324999999,179.46316382,179.46316382,358.92632764
2016,9,139.53994787999997,79.42445254,79.42445254,158.84890508
2016,10,7.1397293799999995,20.80623105,20.80623105,41.6124621
2016,11,11.3439349,4.00742,4.00742,8.01484
2016,12,0.0,0.0,0.0,0.0
2017,1,0.0,0.0,0.0,0.0
2017,2,0.0,0.0,0.0,0.0
2017,3,0.0,0.0,0.0,0.0
2017,4,3.5169859600000004,3.0437106,3.0437106,6.0874212
2017,5,26.7735109,40.64046217,40.64046217,81.28092434
2017,6,60.965158880000004,65.04739092,65.04739092,130.09478184
2017,7,65.72401861,137.73300439,137.73300439,275.46600878
2017,8,50.15566386,28.562050669999998,28.562050669999998,57.124101339999996
2017,9,183.18626030999997,330.56584822,330.56584822,661.13169644
2017,10,120.56231587999999,323.9271482,323.9271482,647.8542964
2017,11,0.44827398,0.23351558,0.23351558,0.46703116
2017,12,0.12188129,0.0,0.0,0.0
